num_imm,type_voie_imm,nom_voie_imm,city
43,rue de,richelieu,Paris
2,rue,villedo,Paris
12,villa,cheysson,Paris
17,boulevard,berthier,Paris
829,boulevard,berthier,Paris
2,boulevard,berthier,Paris
2,rue des,chantiers,Paris
6,rue des,fossés-saint-bernard,Paris
1,rue,gros,Paris
3,rue,gros,Paris
43,rue,verniquet,Paris
2,avenue de,versailles,Paris
4,avenue de,versailles,Paris
7,rue de l',église,Paris
32,rue,gutenberg,Paris
78,rue de,javel,Paris
5,rue,lacordaire,Paris
22,rue,camille-desmoulins,Paris
117,boulevard de,sebastopol,Paris
7,rue d',auteuil,Paris
35,avenue,montaigne,Paris
51,rue d',amsterdam,Paris
53,rue d',amsterdam,Paris
30,rue de l',exposition,Paris
24,villa,félix-faure,Paris
17,boulevard de,grenelle,Paris
14,rue des,cendriers,Paris
18,rue,jean-robert,Paris
20,rue,jean-robert,Paris
9,rue,ordener,Paris
70,rue du,chateau,Paris
15,rue,la quitinie,Paris
8,rue d',hauteville,Paris
126,rue,la fayette,Paris
10,villa,duthy,Paris
14,avenue,kléber,Paris
117,avenue de,clichy,Paris
18,rue des,cloys,Paris
14,rue,guy-moquet,Paris
7,rue de,médicis,Paris
16,villa des,camélias,Paris
18,villa des,camélias,Paris
20,villa des,camélias,Paris
21,rue,vernier,Paris
23,rue,vernier,Paris
25,rue,vernier,Paris
31,rue des,tournelles,Paris
78,rue,blanche,Paris
12,rue,léopold-bellan,Paris
37,rue du,moulin-de-la-vierge,Paris
133,rue,vercingétorix,Paris
10,rue,ballu,Paris
10,rue,ballu,Paris
53,boulevard,garibaldi,Paris
55,boulevard,garibaldi,Paris
166,avenue de,suffren,Paris
14,rue,duphot,Paris
14,rue,ballu,Paris
17,rue,ramus,Paris
19,rue,ramus,Paris
20,rue des,rondeaux,Paris
27,rue de,citeaux,Paris
50,rue,crozatier,Paris
31,rue des,capucines,Paris
33,rue des,capucines,Paris
35,rue des,capucines,Paris
7,rue,petel,Paris
91,rue,julien-lacroix,Paris
114,square,albin-cachot,Paris
8,rue,sarrette,Paris
4,ruelle,lauzin,Paris
12,rue du,pressoir,Paris
15,passage des,saints-simoniens,Paris
7,rue,albert-samain,Paris
10,place de la,bourse,Paris
12,place de la,bourse,Paris
37,rue de,courcelles,Paris
189,rue de,courcelles,Paris
191,rue de,courcelles,Paris
1,villa,guibert,Paris
47,rue,le peletier,Paris
29,rue de,montreuil,Paris
80,rue de,richelieu,Paris
1,avenue de,verdun,Paris
79,rue d',auteuil,Paris
1,rue d',auteuil,Paris
2,rue d',auteuil,Paris
144,boulevard,exelmans,Paris
40,rue,jacob,Paris
32,avenue de,la bourdonnais,Paris
4,rue des,abbesses,Paris
135,rue de,meaux,Paris
203,rue du,temple,Paris
3,rue,simon-le-franc,Paris
8,rue de,la baume,Paris
256,rue,saint-honoré,Paris
28,rue du,bac,Paris
9,avenue,charles-floquet,Paris
2,rue du,général-lambert,Paris
27,rue de l',université,Paris
6,rue,moliere,Paris
78,rue,dutot,Paris
58,rue,ramey,Paris
64,rue des,cévennes,Paris
3,rue de l',abbaye,Paris
96,rue de,turenne,Paris
32,rue,coriolis,Paris
1,rue du,dessous-des-berges,Paris
5,rue du,dessous-des-berges,Paris
3,rue,le brun,Paris
50,rue,regnault,Paris
54,rue,monsieur-le-prince,Paris
212,rue de la,croix-nivert,Paris
41,villa,auguste-blanqui,Paris
30,rue,alphand,Paris
13,rue,barrault,Paris
11,rue,chaligny,Paris
366,rue,chaligny,Paris
1,rue,chaligny,Paris
12,rue,chaligny,Paris
14,rue,chaligny,Paris
33,rue,furtado-heine,Paris
31,rue de,terre-neuve,Paris
60,rue de la,tombe-issoire,Paris
73,rue,boissiere,Paris
75,rue,boissiere,Paris
36,rue des,fossés-saint-bernard,Paris
15,rue,lantiez,Paris
17,rue,lantiez,Paris
19,rue,lantiez,Paris
0,rue de l',abbé-gillet,Paris
3,villa,lantiez,Paris
5,villa,lantiez,Paris
61,rue,lhomond,Paris
63,rue,lhomond,Paris
12,rue,marguerin,Paris
110,rue,mouffetard,Paris
1,rue,nollet,Paris
103,rue,nollet,Paris
6,rue,bargue,Paris
5,rue de l',abbaye,Paris
83,rue,petit,Paris
83,rue,petit,Paris
5,passages des,postes,Paris
13,rue du,pré-saint-gervais,Paris
15,rue du,pré-saint-gervais,Paris
2,square,trudaine,Paris
1,square,trudaine,Paris
2,square,trudaine,Paris
3,square,trudaine,Paris
4,square,trudaine,Paris
275,rue de,belleville,Paris
30,avenue,bosquet,Paris
3,rue de,montholon,Paris
47,rue,bonaparte,Paris
67,rue de la,pompe,Paris
62,rue,marx-dormoy,Paris
89,rue,philippe-de-girard,Paris
8,rue de,vaucouleurs,Paris
9,impasse,gaudelet,Paris
10,petite impasse,gaudelet,Paris
11,avenue,jean-aicard,Paris
13,avenue,jean-aicard,Paris
15,avenue,jean-aicard,Paris
15,rue de,choiseul,Paris
38,rue,francois-1er,Paris
11,rue,pouchet,Paris
24,rue,chanez,Paris
122,boulevard,exelmans,Paris
41,boulevard,beaumarchais,Paris
54,rue des,tournelles,Paris
4,rue,budé,Paris
1,rue,charles-bossut,Paris
76,rue du,charolais,Paris
116,avenue de,suffren,Paris
55,rue de,cléry,Paris
16,rue de la,chaussee-d'antin,Paris
,,,Paris
36,rue,la bruyere,Paris
38,rue,la bruyere,Paris
9,avenue de,messine,Paris
8,rue de,teheran,Paris
10,rue de,teheran,Paris
102,rue de,grenelle,Paris
1,rue,saint-dominique,Paris
217,boulevard,saint-germain,Paris
219,boulevard,saint-germain,Paris
36,rue,saint-roch,Paris
37,rue,caumartin,Paris
50,rue,laffitte,Paris
52,rue,laffitte,Paris
24,rue de la,victoire,Paris
19,rue du,renard,Paris
1,rue de,suréne,Paris
9,rue de,suréne,Paris
31,rue de,provence,Paris
8,rue d',artois,Paris
110,boulevard,haussmann,Paris
31,rue de la,pepiniere,Paris
28,rue,cambacérés,Paris
39,rue de,perceval,Paris
45,rue,vivienne,Paris
47,rue,vivienne,Paris
5,rue,louis-le-grand,Paris
21,boulevard,haussmann,Paris
5,rue de la,chaussee-d'antin,Paris
4,rue,meyerbeer,Paris
2,rue de l',avre,Paris
4,rue de l',avre,Paris
6,rue de l',avre,Paris
8,rue de l',avre,Paris
10,rue de l',avre,Paris
5,place de la,bastille,Paris
7,place de la,bastille,Paris
4,rue de la,bastille,Paris
8,rue de la,bastille,Paris
42,rue,bayen,Paris
4,rue de l',abbé-grégoire,Paris
1,rue de,beaujolais,Paris
2,rue de,beaujolais,Paris
3,rue de,beaujolais,Paris
5,rue de,beaujolais,Paris
6,rue,béranger,Paris
8,rue,béranger,Paris
10,rue,béranger,Paris
12,rue,béranger,Paris
14,rue,béranger,Paris
19,rue des,bons-enfants,Paris
21,rue des,bons-enfants,Paris
25,rue de l',adjudant-reau,Paris
26,rue de l',adjudant-reau,Paris
28,pl.,adolphe-chérioux,Paris
30,rue,adolphe-jullien,Paris
31,rue,adolphe-jullien,Paris
32,rue,adolphe-jullien,Paris
14,passage de,clichy,Paris
16,passage de,clichy,Paris
18,passage de,clichy,Paris
1,rue du,colonel-driant,Paris
1,rue du,commerce,Paris
3,rue du,commerce,Paris
5,rue du,commerce,Paris
7,rue du,commerce,Paris
9,rue du,commerce,Paris
21,rue,croix-des-petits-champs,Paris
43,rue,croix-des-petits-champs,Paris
1,rue,dalayrac,Paris
1,avenue,delecourt,Paris
2,boulevard de,denain,Paris
4,boulevard de,denain,Paris
6,boulevard de,denain,Paris
8,boulevard de,denain,Paris
10,boulevard de,denain,Paris
2,avenue d',eylau,Paris
4,avenue d',eylau,Paris
8,avenue d',eylau,Paris
10,avenue d',eylau,Paris
176,boulevard de la,gare,Paris
178,boulevard de la,gare,Paris
182,cité,annibal,Paris
11,rue,georges-berger,Paris
26,rue de la,glacière,Paris
15,rue,godefroy,Paris
17,rue,godefroy,Paris
19,rue,godefroy,Paris
130,boulevard de,grenelle,Paris
132,boulevard de,grenelle,Paris
136,rue,ambroise-thomas,Paris
138,rue,ambroise-thomas,Paris
9,place d',italie,Paris
11,place d',italie,Paris
2,rue,jean-baptiste-dumas,Paris
4,rue,jean-baptiste-dumas,Paris
11,rue,jean-dollfus,Paris
129,rue,la fayette,Paris
131,rue,la fayette,Paris
135,avenue,ambroise-rendu,Paris
137,avenue,ambroise-rendu,Paris
139,avenue,ambroise-rendu,Paris
1,rue de,la feuillade,Paris
3,rue de,la feuillade,Paris
1,rue de,la vrilliere,Paris
2,rue de,la vrilliere,Paris
3,rue de,la vrilliere,Paris
1,place,malesherbes,Paris
2,rue,marsollier,Paris
9,rue,marsollier,Paris
6,rue,méhul,Paris
166,boulevard,pereire,Paris
168,boulevard,pereire,Paris
170,boulevard,pereire,Paris
2,rue,abel-truchet,Paris
1,rue des,petits-champs,Paris
2,rue,radziwill,Paris
9,rue,radziwill,Paris
37,rue,radziwill,Paris
,,,Paris
48,rue des,solitaires,Paris
50,rue des,solitaires,Paris
52,rue des,solitaires,Paris
54,rue des,solitaires,Paris
2,rue,beauregard,Paris
3,rue de l',abbaye,Paris
5,rue de l',abbaye,Paris
7,rue de l',abbaye,Paris
9,rue de l',abbaye,Paris
11,rue de l',abbaye,Paris
29,rue de,sevres,Paris
31,rue de,sevres,Paris
33,boulevard du,temple,Paris
35,boulevard du,temple,Paris
37,boulevard du,temple,Paris
39,boulevard du,temple,Paris
41,boulevard du,temple,Paris
16,rue de,thann,Paris
18,rue de,thann,Paris
1,rue de,valois,Paris
9,rue de,valois,Paris
43,rue de,valois,Paris
10,rue de,valois,Paris
0,rue de l',abbé-groult,Paris
4,place des,victoires,Paris
61,rue,violet,Paris
63,rue,violet,Paris
1,rue des,annelets,Paris
27,cité,henry,Paris
81,rue,saint-dominique,Paris
8,villa,bocquet,Paris
2,rue,l'olive,Paris
92,rue,riquet,Paris
5,rue des,iris,Paris
97,avenue de,saint-ouen,Paris
5,rue,paul-barruel,Paris
45,rue du,chateau-des-rentiers,Paris
289,rue des,pyrénées,Paris
18,rue du,retrait,Paris
15,rue de l',abbé-groult,Paris
98,boulevard de l',hopital,Paris
5,rue,aubriot,Paris
121,rue du faubourg,saint-martin,Paris
2,rue,sibour,Paris
25,rue de,perceval,Paris
9,rue,vercingétorix,Paris
15,rue d',argenson,Paris
15,rue,chaptal,Paris
111,boulevard,haussmann,Paris
16,rue,henner,Paris
18,rue de,phalsbourg,Paris
24,rue,navarin,Paris
40,rue des,martyrs,Paris
40,rue des,alouettes,Paris
58,rue de la,chapelle,Paris
16,rue des,martyrs,Paris
13,rue,vernier,Paris
38,villa,auguste-blanqui,Paris
8,boulevard,emile-augier,Paris
20,square de,la motte-picquet,Paris
5,rue d',ouessant,Paris
22,rue des,colonnes-du-trone,Paris
13,rue,angélique-compoint,Paris
19,rue,cavé,Paris
127,avenue de,malakoff,Paris
32,rue,paul-valéry,Paris
6,rue d',austerlitz,Paris
8,rue,malher,Paris
35,rue,aumaire,Paris
71,rue,oberkampf,Paris
42,avenue de la,république,Paris
45,rue,saint-paul,Paris
47,rue,saint-paul,Paris
41,rue de,montreuil,Paris
10,rue des,tournelles,Paris
10,rue,bayen,Paris
11,rue de,cadix,Paris
7,rue,hallé,Paris
12,avenue du,parc-montsouris,Paris
18,rue,clouet,Paris
15,rue du,docteur-roux,Paris
30,rue du,pressoir,Paris
32,rue du,pressoir,Paris
54,rue,ordener,Paris
151,rue du,chateau,Paris
5,rue,agar,Paris
6,rue,yvon-villarceau,Paris
44,rue du,moulin-de-la-pointe,Paris
2,rue de,chambery,Paris
5,rue de,chambery,Paris
21,rue,vitruve,Paris
15,rue,achille-martinet,Paris
32,rue,damesme,Paris
122,rue du,moulin-des-prés,Paris
3,cite de,genes,Paris
26,rue,castagnary,Paris
20,rue,vulpian,Paris
64,rue,ampere,Paris
3,rue de la,ferronnerie,Paris
,,,Paris
58,rue des,lombards,Paris
33,rue,saint-denis,Paris
35,rue,saint-denis,Paris
58,rue,corvisart,Paris
60,rue,corvisart,Paris
62,rue,corvisart,Paris
1,rue,courtalon,Paris
15,rue,saint-denis,Paris
10,cité,dupont,Paris
43,place de la,porte-chaumont,Paris
27,rue,boulay,Paris
10,rue des,abbesses,Paris
81,rue des,abbesses,Paris
9,rue du,simplon,Paris
3,rue de,varenne,Paris
12,rue de,budapest,Paris
8,rue,jouffroy,Paris
9,rue,lentonnet,Paris
4,avenue,léon-heuzey,Paris
10,rue,jules-siegfried,Paris
120,quai de,jemmapes,Paris
13,rue,pernelle,Paris
96,rue de,rivoli,Paris
2,boulevard de,sebastopol,Paris
39,rue de,la sourdiere,Paris
1,rue,saint-roch,Paris
49,rue,saint-roch,Paris
41,rue,dareau,Paris
43,rue,dareau,Paris
18,rue des,bernardins,Paris
36,rue des,batignolles,Paris
150,avenue d',italie,Paris
4,avenue du,bel-air,Paris
28,rue de,sévigné,Paris
14,rue,jean-daudin,Paris
14,rue,jean-daudin,Paris
18,rue de,douai,Paris
23,rue,duperré,Paris
48,rue,pajol,Paris
48,rue,pajol,Paris
7,passage du,montenegro,Paris
21,rue de,ponthieu,Paris
44,rue,lepic,Paris
8,passage,raguinot,Paris
26,rue,pigalle,Paris
8,rue du,baigneur,Paris
48,rue,chardon-lagache,Paris
98,rue,marcadet,Paris
67,boulevard,ney,Paris
16,rue de,sevres,Paris
4,rue du,surmelin,Paris
16,rue,cuvier,Paris
39,rue de,liége,Paris
37,boulevard,malesherbes,Paris
7,cité,nollez,Paris
46,rue du,ruisseau,Paris
83,rue des,archives,Paris
92,rue des,archives,Paris
2,rue,portefoin,Paris
8,rue,gambey,Paris
2,rue,michel-de-bourges,Paris
46,rue,oberkampf,Paris
19,rue du,rendez-vous,Paris
23,rue,la condamine,Paris
14,rue,violet,Paris
6,rue de l',arcade,Paris
1,rue,condorcet,Paris
22,rue de l,échaudé,Paris
6,passage de la,madeleine,Paris
59,rue de,maubeuge,Paris
16,rue de,saussure,Paris
18,rue de,saussure,Paris
27,rue de,suréne,Paris
69,rue,pixérécourt,Paris
5,rue,léon,Paris
25,rue,marcadet,Paris
1,rue,biscornet,Paris
7,rue d',aubervilliers,Paris
87,rue des,amandiers,Paris
2,rue du,douanier,Paris
12,square,chaure,Paris
39,rue,nicolo,Paris
31,rue,nicolo,Paris
33,rue,nicolo,Paris
17,rue,vital,Paris
19,rue,vital,Paris
21,rue,vital,Paris
23,rue,vital,Paris
25,rue,vital,Paris
9,rue,baudelique,Paris
14,boulevard,jourdan,Paris
16,boulevard,jourdan,Paris
78,rue,lamarck,Paris
60,rue,saint-lambert,Paris
6,rue,jouffroy,Paris
369,rue de,vaugirard,Paris
77,rue de,patay,Paris
3,rue du,regard,Paris
18,rue de,grenelle,Paris
81,rue de,grenelle,Paris
9,rue,labie,Paris
57,rue de la,chaussee-d'antin,Paris
73,rue,saint-lazare,Paris
60,rue de,bagnolet,Paris
1,rue de,fontarabie,Paris
100,rue de la,réunion,Paris
53,rue,didot,Paris
61,rue du,moulin-vert,Paris
89,rue,brillat-savarin,Paris
73,rue,saint-antoine,Paris
5,rue des,trois-freres,Paris
3,rue,baudelique,Paris
16,rue des,taillandiers,Paris
18,rue des,taillandiers,Paris
4,rue,fauvet,Paris
33,rue de,poliveau,Paris
1,rue de,la tour-d'auvergne,Paris
28,rue de,la tour-d'auvergne,Paris
38,rue,rodier,Paris
21,rue,clairaut,Paris
16,rue,michal,Paris
20,rue,charcot,Paris
49,rue,dunois,Paris
75,boulevard,malesherbes,Paris
7,rue,jean-mermoz,Paris
32,rue de la,folie-regnault,Paris
32,rue de la,folie-regnault,Paris
102,cours de,vincennes,Paris
15,square du,docteur-blanche,Paris
61,rue,mademoiselle,Paris
53,rue de l',université,Paris
55,rue de l',université,Paris
2,rue de,villersexel,Paris
2,square,raynouard,Paris
5,rue des,plantes,Paris
25,rue du,cambodge,Paris
2,pl.,alphonse-laveran,Paris
53,rue,julien-lacroix,Paris
56,rue,orfila,Paris
58,rue,orfila,Paris
50,rue des,prairies,Paris
224,rue des,pyrénées,Paris
227,rue des,pyrénées,Paris
40,rue,ramus,Paris
59,avenue,philippe-auguste,Paris
40,rue,chanzy,Paris
52,rue,bonaparte,Paris
11,rue,gozlin,Paris
41,avenue de,ségur,Paris
2,villa de,ségur,Paris
55,rue des,panoyaux,Paris
5,avenue de,lowendal,Paris
7,rue,guilleminot,Paris
64,rue de l',ouest,Paris
5,rue,abel-ferry,Paris
1,rue,ferdinand-fabre,Paris
6,rue des,écoles,Paris
7,rue,talma,Paris
5,rue,lebouis,Paris
7,rue,lebouis,Paris
1,rue,lebouis,Paris
3,rue,lebouis,Paris
15,rue de l',ouest,Paris
68,rue,valadon,Paris
27,avenue du,bel-air,Paris
22,rue,poussin,Paris
6,cité de l',ameublement,Paris
4,rue,florian,Paris
6,rue,florian,Paris
8,rue,florian,Paris
2,rue,galleron,Paris
4,rue,galleron,Paris
6,rue,galleron,Paris
8,rue,galleron,Paris
10,rue,galleron,Paris
24,rue,saint-blaise,Paris
28,rue,adolphe-adam,Paris
19,rue,galilee,Paris
40,avenue,kléber,Paris
63,avenue d',iéna,Paris
201,rue de,crimée,Paris
203,rue de,crimée,Paris
205,rue de,crimée,Paris
207,rue de,crimée,Paris
225,rue de,crimée,Paris
229,rue,armand-moisant,Paris
1,rue de l',escaut,Paris
19,rue,philibert-lucot,Paris
14,rue,abel,Paris
23,rue des,cascades,Paris
47,rue des,pyrénées,Paris
11,rue de l',odéon,Paris
1,rue,bobillot,Paris
33,rue,bobillot,Paris
4,rue,denis-poisson,Paris
3,rue,bourbon-le-chateau,Paris
21,rue de l,échaudé,Paris
50,rue de,passy,Paris
1,rue de la,butte-aux-cailles,Paris
27,rue de la,butte-aux-cailles,Paris
1,rue de l',espérance,Paris
30,boulevard,diderot,Paris
1,rue,jean-bouton,Paris
18,rue,cujas,Paris
18,avenue de,la motte-picquet,Paris
8,rue de l',abbaye,Paris
9,villa du,progres,Paris
8,impasse,mousset,Paris
40,rue de,douai,Paris
2,rue de,douai,Paris
45,rue des,volontaires,Paris
50,rue des,volontaires,Paris
43,rue du,sentier,Paris
23,cité,industrielle,Paris
29,rue de la,breche-aux-loups,Paris
24,rue,charles-baudelaire,Paris
41,rue,vergniaud,Paris
14,avenue des,gobelins,Paris
1,rue,abel,Paris
9,rue,léo-delibes,Paris
14,rue,drouot,Paris
20,rue de la,grange-bateliere,Paris
7,rue,rosenwald,Paris
31,rue de,montpensier,Paris
34,rue de,richelieu,Paris
22,place,denfert-rochereau,Paris
24,place,denfert-rochereau,Paris
1,rue,grancey,Paris
18,rue,maurice-mayer,Paris
201,boulevard,pereire,Paris
31,rue,victor-massé,Paris
16,rue,navarin,Paris
14,rue,volney,Paris
30,rue,charles-baudelaire,Paris
12,rue,amelot,Paris
5,rue du,pasteur-wagner,Paris
81,rue,blanche,Paris
20,rue,rochebrune,Paris
7,rue,crocé-spinelli,Paris
31,avenue de la,république,Paris
65,rue d',avron,Paris
17,rue,van-loo,Paris
5,impasse de,jouvence,Paris
7,impasse de,jouvence,Paris
43,rue de,montmorency,Paris
50,rue de,montmorency,Paris
214,rue,saint-martin,Paris
5,rue d',eupatoria,Paris
3,villa,niel,Paris
40,rue des,francs-bourgeois,Paris
125,avenue,victor-hugo,Paris
4,rue,guy-de-la-brosse,Paris
15,place,saint-pierre,Paris
15,rue de,steinkerque,Paris
38,rue,mouraud,Paris
2,rue,boulard,Paris
13,rue,froideveaux,Paris
3,passage des,abbesses,Paris
27,rue,richard-lenoir,Paris
66,rue de,saintonge,Paris
81,rue,myrha,Paris
29,rue,david-d'angers,Paris
4,rue de la,prevoyance,Paris
12,rue,saint-paul,Paris
64,rue,blanche,Paris
22,rue,blomet,Paris
7,rue,baudelique,Paris
90,rue,riquet,Paris
3,passage du,génie,Paris
169,rue,lecourbe,Paris
5,rue de l',abbé-rousselot,Paris
63,rue,albert-samain,Paris
65,rue,albert-samain,Paris
67,rue,albert-samain,Paris
69,rue,albert-samain,Paris
71,rue,albert-samain,Paris
116,boulebard de,charonne,Paris
45,rue,planchat,Paris
65,rue,ordener,Paris
5,rue,carpeaux,Paris
25,rue,boulard,Paris
47,rue de,chaillot,Paris
49,rue de,chaillot,Paris
51,rue de,chaillot,Paris
15,rue,jobbé-duval,Paris
25,rue du,capitaine-madon,Paris
27,rue du,capitaine-madon,Paris
29,rue,delambre,Paris
60,boulevard,diderot,Paris
62,boulevard,diderot,Paris
45,rue,duhesme,Paris
47,rue,duhesme,Paris
82,rue,saint-dominique,Paris
87,rue,la boetie,Paris
53,rue,gauthey,Paris
57,rue de,la jonquiere,Paris
94,rue,leibnitz,Paris
9,rue de,lunéville,Paris
214,avenue du,maine,Paris
216,avenue du,maine,Paris
14,rue,merlin,Paris
48,rue,molitor,Paris
3,rue,nollet,Paris
5,rue,nollet,Paris
1,passage,national,Paris
1,passage,national,Paris
35,rue,grégoire-de-tours,Paris
12,rue,eugène-delacroix,Paris
14,boulevard,pershing,Paris
47,rue,belliard,Paris
49,rue,belliard,Paris
51,rue,belliard,Paris
57,rue du,théatre,Paris
3,rue,mouffle,Paris
79,rue du,ranelach,Paris
14,rue de,reims,Paris
29,rue,david-d'angers,Paris
4,rue de la,prevoyance,Paris
12,rue,saint-paul,Paris
64,rue,blanche,Paris
22,rue,blomet,Paris
7,rue,baudelique,Paris
90,rue,riquet,Paris
3,passage du,génie,Paris
169,rue,lecourbe,Paris
5,rue de l',abbé-rousselot,Paris
63,rue,albert-samain,Paris
65,rue,albert-samain,Paris
67,rue,albert-samain,Paris
69,rue,albert-samain,Paris
71,rue,albert-samain,Paris
116,boulebard de,charonne,Paris
45,rue,planchat,Paris
65,rue,ordener,Paris
5,rue,carpeaux,Paris
25,rue,boulard,Paris
47,rue de,chaillot,Paris
49,rue de,chaillot,Paris
51,rue de,chaillot,Paris
15,rue,jobbé-duval,Paris
25,rue du,capitaine-madon,Paris
27,rue du,capitaine-madon,Paris
29,rue,delambre,Paris
60,boulevard,diderot,Paris
62,boulevard,diderot,Paris
45,rue,duhesme,Paris
47,rue,duhesme,Paris
82,rue,saint-dominique,Paris
87,rue,la boetie,Paris
53,rue,gauthey,Paris
1,rue de,la jonquiere,Paris
57,rue de,la jonquiere,Paris
94,rue,leibnitz,Paris
9,rue de,lunéville,Paris
214,avenue du,maine,Paris
216,avenue du,maine,Paris
14,rue,merlin,Paris
48,rue,molitor,Paris
3,rue,nollet,Paris
5,rue,nollet,Paris
1,passage,national,Paris
1,passage,national,Paris
35,rue,grégoire-de-tours,Paris
12,rue,eugène-delacroix,Paris
14,boulevard,pershing,Paris
47,rue,belliard,Paris
49,rue,belliard,Paris
51,rue,belliard,Paris
57,rue du,théatre,Paris
3,rue,mouffle,Paris
79,rue du,ranelach,Paris
14,rue de,reims,Paris
9,rue de l',abreuvoir,Paris
13,rue,jouvenet,Paris
59,rue de,courcelles,Paris
26,rue,cambacérés,Paris
13,rue,étienne-marey,Paris
4,rue de la,saone,Paris
36,rue,pouchet,Paris
3,rue,agrippa-d'aubigné,Paris
31,rue,singer,Paris
9,rue,beethooven,Paris
11,rue,beethooven,Paris
13,boulevard,delessert,Paris
1,rue des,bernardins,Paris
3,rue des,bernardins,Paris
5,rue des,bernardins,Paris
7,rue des,bernardins,Paris
55,quai de la,tournelle,Paris
57,quai de la,tournelle,Paris
21,rue des,fontaines-du-temple,Paris
8,rue de la,véga,Paris
10,rue de la,véga,Paris
62,rue,saint-didier,Paris
64,rue,saint-didier,Paris
14,rue,wurtz,Paris
25,rue de,constantinople,Paris
18,rue,desrenaudes,Paris
11,rue,léonard-de-vinci,Paris
64,avenue,victor-hugo,Paris
64,avenue de,wagram,Paris
11,rue de la,grange-bateliere,Paris
115,rue,lamarck,Paris
136,rue,lamarck,Paris
138,rue,lamarck,Paris
19,rue de,passy,Paris
149,rue,leon-maurice-nordmann,Paris
61,rue,lauriston,Paris
39,rue,pouchet,Paris
19,rue des,trois-freres,Paris
3,rue,chanez,Paris
10,rue,descartes,Paris
10,rue de l',elysee-des-beaux-arts,Paris
5,rue des,haies,Paris
6,impasse de la,loi,Paris
10,impasse de la,loi,Paris
160,boulevard de,magenta,Paris
28,rue,lesueur,Paris
47,rue,rodier,Paris
12,hameau du,danube,Paris
2,rue de l,égalité,Paris
15,rue de la,liberté,Paris
3,rue,bleue,Paris
136,rue de la,croix-nivert,Paris
7,rue,léon-morane,Paris
9,rue,léon-morane,Paris
152,rue,pelleport,Paris
5,rue,ambroise-thomas,Paris
30,rue de la,pompe,Paris
7,rue,dagorno,Paris
9,rue,dagorno,Paris
97,rue,beaubourg,Paris
12,rue,théodule-ribot,Paris
50,rue du,four,Paris
147,rue d',aboukir,Paris
129,boulevard,richard-lenoir,Paris
149,rue de,bagnolet,Paris
2,rue des,lyanes,Paris
4,rue des,lyanes,Paris
181,avenue du,général-michel-bizot,Paris
8,boulevard de,belleville,Paris
23,rue des,lyanes,Paris
5,rue,vital,Paris
7,square du,ranelacgh,Paris
68,rue,saint-charles,Paris
6,cité,nollez,Paris
1,cité des,fleurs,Paris
45,cité des,fleurs,Paris
15,rue,monsieur-le-prince,Paris
40,avenue,marceau,Paris
39,rue,cortambert,Paris
1,rue des,canettes,Paris
5,rue des,canettes,Paris
22,rue des,jardins-saint-paul,Paris
10,rue,taine,Paris
18,rue des,plantes,Paris
19,rue de l',ancienne-comedie,Paris
21,rue de l',ancienne-comedie,Paris
132,boulevard,saint-germain,Paris
45,avenue,victor-hugo,Paris
47,avenue,victor-hugo,Paris
52,rue de,menilmontant,Paris
35,rue,adolphe-yvon,Paris
1,rue,henrion-de-pansey,Paris
22,rue,henrion-de-pansey,Paris
24,rue,henrion-de-pansey,Paris
213,rue,raymond-losserand,Paris
2,rue,vandal,Paris
4,rue,vandal,Paris
27,rue du,rhin,Paris
56,rue,édouard-pailleron,Paris
21,rue,jean-jacques-rousseau,Paris
138,avenue de,versailles,Paris
70,avenue de,clichy,Paris
21,passage,hébrard,Paris
23,passage,hébrard,Paris
25,passage,hébrard,Paris
27,passage,hébrard,Paris
75,rue de,bagnolet,Paris
82,rue,pouchet,Paris
34,rue de,bellevue,Paris
29,rue des,lilas,Paris
31,rue des,lilas,Paris
15,rue de,pali-kao,Paris
21,avenue de la,grande-armée,Paris
36,rue du,bac,Paris
9,avenue,dorian,Paris
8,rue de l',abbé-de-l'épée,Paris
19,boulevard,gouvion-saint-cyr,Paris
60,boulevard de,strasbourg,Paris
19,rue,auber,Paris
22,rue des,mathurins,Paris
2,passage,courat,Paris
4,passage,courat,Paris
12,rue,courat,Paris
36,rue,boissonade,Paris
7,rue,jean-marie-jego,Paris
3,quai de,javel,Paris
5,quai de,javel,Paris
14,rue des,volontaires,Paris
14,rue des,volontaires,Paris
46,rue,marcadet,Paris
1,rue,boulay,Paris
180,avenue de,clichy,Paris
4,impasse des,carrières,Paris
27,rue,vilin,Paris
16,rue de la,banque,Paris
19,rue,gambey,Paris
,,,Paris
8,rue,julie,Paris
7,rue,troyon,Paris
6,rue,hericart,Paris
11,rue,roger,Paris
28,rue,castagnary,Paris
12,rue,juliette-dodu,Paris
50,rue de,dantzig,Paris
34,rue,robert-lindet,Paris
55,rue,saint-jacques,Paris
3,rue d',olivet,Paris
4,rue,dumont-d'urville,Paris
13,rue,cimarosa,Paris
4,rue,piccini,Paris
1,rue de l',étoile,Paris
69,avenue,raymond-poincaré,Paris
71,avenue,raymond-poincaré,Paris
25,avenue de,wagram,Paris
6,rue de la,grande-truanderie,Paris
111,rue,saint-denis,Paris
7,rue de,villersexel,Paris
6,ruelle,lauzin,Paris
4,rue du,chevalier-de-la-barre,Paris
4,rue,mayet,Paris
14,rue,clisson,Paris
2,impasse,pers,Paris
45,rue,pajol,Paris
7,passage du,poteau,Paris
41,rue de,seine,Paris
15,rue,monsigny,Paris
5,rue,scribe,Paris
279,rue de,charenton,Paris
141,rue du faubourg,saint-antoine,Paris
35,rue,gauthey,Paris
36,rue,marc-séguin,Paris
44,rue de la,fédération,Paris
5,rue de,compiegne,Paris
4,rue,robert-lecoin,Paris
1,rue,boulard,Paris
11,rue,froideveaux,Paris
12,rue,henri-monnier,Paris
85,rue de,provence,Paris
27,rue de,gergovie,Paris
1,rue,duméril,Paris
5,rue de l',abbé-gillet,Paris
177,rue,jeanne-d'arc,Paris
67,rue,villiers-de-l'isle-adam,Paris
35,rue,rousselet,Paris
58,rue,la condamine,Paris
31,rue,truffaut,Paris
14,rue du,chateau-d'eau,Paris
18,rue de,lancry,Paris
42,rue,ramponneau,Paris
44,rue,ramponneau,Paris
22,rue de,tourtille,Paris
14,impasse,laugier,Paris
16,impasse,laugier,Paris
4,hameau du,danube,Paris
3,rue de l',abbaye,Paris
20,rue d',auteuil,Paris
37,rue,vieille-du-temple,Paris
26,rue,aumaire,Paris
62,boulevard,arago,Paris
64,boulevard,arago,Paris
81,rue,la boetie,Paris
83,rue,la boetie,Paris
85,rue,la boetie,Paris
23,rue du,pont-neuf,Paris
25,rue du,pont-neuf,Paris
11,rue,marinoni,Paris
5,rue,rampal,Paris
57,rue,oberkampf,Paris
11,rue de,bellevue,Paris
181,rue du,chateau-des-rentiers,Paris
29,rue de,dombasle,Paris
6,rue,pradier,Paris
9,place d',aligre,Paris
18,rue d',aligre,Paris
21,rue de,coulmiers,Paris
9,place d',aligre,Paris
18,rue d',aligre,Paris
11,rue,lagrange,Paris
9,rue des,trois-portes,Paris
17,rue du,texel,Paris
11,rue de,navarre,Paris
11,rue de,navarre,Paris
33,rue de la,butte-aux-cailles,Paris
16,rue,vergniaud,Paris
112,rue de,belleville,Paris
18,rue,notre-dame-de-nazareth,Paris
2,rue des,arenes,Paris
23,rue,linné,Paris
4,rue de la,tour,Paris
54,rue,nationale,Paris
6,passage de la,boule-blanche,Paris
8,passage de la,boule-blanche,Paris
10,passage de la,boule-blanche,Paris
50,rue du faubourg,saint-antoine,Paris
22,rue,vandamme,Paris
63,rue des,haies,Paris
65,rue des,haies,Paris
81,avenue de,clichy,Paris
26,rue,berlioz,Paris
7,rue du,commandant-marchand,Paris
5,rue,notre-dame-de-lorette,Paris
9,rue,fénelon,Paris
185,rue de,javel,Paris
61,boulevard,beauséjour,Paris
141,rue du,ranelach,Paris
7,cité,traeger,Paris
9,cité,traeger,Paris
18,villa,daviel,Paris
50,rue,lacordaire,Paris
21,rue,dauphine,Paris
5,rue,vilin,Paris
20,avenue,daumesnil,Paris
34,avenue de,saint-mandé,Paris
14,rue,labois-rouillon,Paris
18,impasse,dury,Paris
32,rue,poncelet,Paris
16,rue de,vichy,Paris
23,rue du,champ-de-l'alouette,Paris
5,rue de l',abbé-de-l'épée,Paris
15,rue de,sévigné,Paris
29,rue,montgallet,Paris
5,rue,sainte-claire-deville,Paris
8,rue,descombes,Paris
8,rue,descombes,Paris
24,rue,tandou,Paris
172,rue du faubourg,saint-antoine,Paris
44,rue,manin,Paris
23,rue du,caire,Paris
9,rue de,poitiers,Paris
64,rue de,verneuil,Paris
66,rue de,verneuil,Paris
84,rue du faubourg,saint-antoine,Paris
21,rue,daunou,Paris
11,rue,volney,Paris
74,rue,mazarine,Paris
1,rue,leuck-mathieu,Paris
42,rue des,prairies,Paris
7,rue,viala,Paris
18,rue,sauffroy,Paris
7,rue du,hameau,Paris
6,rue du,dragon,Paris
8,cité d',angouleme,Paris
70,rue,jean-pierre-timbaud,Paris
2,impasse,lamier,Paris
4,impasse,lamier,Paris
6,impasse,lamier,Paris
8,impasse,lamier,Paris
8,rue,montlouis,Paris
64,rue de,reuilly,Paris
1,rue,boulle,Paris
34,boulevard,richard-lenoir,Paris
34,rue de,paradis,Paris
8,rue,buzelin,Paris
3,passage,gustave-lepeu,Paris
5,passage,gustave-lepeu,Paris
41,rue de,chazelles,Paris
54,rue des,alouettes,Paris
6,rue,jacob,Paris
4,place,auguste-métivier,Paris
35,rue de la,butte-aux-cailles,Paris
7,rue,michal,Paris
9,rue,michal,Paris
53,rue de,tolbiac,Paris
30,rue,brancion,Paris
22,rue des,cinq-diamants,Paris
9,rue,l'olive,Paris
15,rue,malher,Paris
20,rue,pavée,Paris
16,rue,poirier-de-narcay,Paris
68,avenue,félix-faure,Paris
96,avenue,félix-faure,Paris
13,rue,tisserand,Paris
31,rue des,alouettes,Paris
33,rue des,alouettes,Paris
35,rue des,alouettes,Paris
13,rue de,bellechasse,Paris
2,rue,crillon,Paris
54,avenue,ledru-rollin,Paris
14,rue d',ouessant,Paris
17,rue d',ouessant,Paris
19,rue d',ouessant,Paris
21,rue d',ouessant,Paris
35,rue,fontaine,Paris
18,rue de la,banque,Paris
189,rue du faubourg,poissonniere,Paris
25,rue,montéra,Paris
66,avenue de,chatillon,Paris
71,rue des,plantes,Paris
18,rue de,miromesnil,Paris
4,rue,arthur-briere,Paris
9,passage,abel-leblanc,Paris
25,cité,henry,Paris
8,rue,damesme,Paris
8,rue,sedaine,Paris
63,rue de la,victoire,Paris
13,rue des,blancs-manteaux,Paris
101,rue de la,folie-mericourt,Paris
20,boulevard,jules-ferry,Paris
78,rue,pernety,Paris
4,impasse de,joinville,Paris
38,rue,berzélius,Paris
183,rue du faubourg,saint-antoine,Paris
14,rue de,gérando,Paris
1,rue,saint-bernard,Paris
3,rue,saint-bernard,Paris
5,rue,saint-bernard,Paris
305,rue,ordener,Paris
19,rue des,tourelles,Paris
21,rue des,tourelles,Paris
23,rue des,tourelles,Paris
11,cité des,fleurs,Paris
34,rue,montgallet,Paris
6,rue,caulaincourt,Paris
7,rue,damrémont,Paris
19,avenue de la,porte-de-clichy,Paris
5,rue,christophe-colomb,Paris
5,avenue,george-v,Paris
31,rue,ribéra,Paris
1,rue,claude-pouillet,Paris
14,rue,lebouteux,Paris
106,rue des,orteaux,Paris
6,rue,soleillet,Paris
8,rue,soleillet,Paris
10,rue,soleillet,Paris
54,rue d',argout,Paris
44,rue de,campo-formio,Paris
110,rue de,clignancourt,Paris
123,boulevard de l',hopital,Paris
3,rue,abel,Paris
18,rue,ernest-renan,Paris
29,rue de,la sourdiere,Paris
67,rue,notre-dame-de-lorette,Paris
310,rue,saint-martin,Paris
43,rue,mazarine,Paris
28,passage,prévost,Paris
20,rue d',orsel,Paris
11,rue d',orsel,Paris
13,rue d',orsel,Paris
6,villa,amalia,Paris
72,avenue du,général-michel-bizot,Paris
74,avenue du,général-michel-bizot,Paris
22,rue,planchat,Paris
6,rue,las-cases,Paris
14,rue de la,liberté,Paris
160,boulevard,saint-germain,Paris
6,passage,ricaut,Paris
6,villa,poirier,Paris
11,rue de,fourcroy,Paris
19,rue,laugier,Paris
108,rue de,belleville,Paris
24,rue de,gramont,Paris
47,rue,mazarine,Paris
110,boulevard,pereire,Paris
11,impasse des,amandiers,Paris
11,rue,édouard-lockroy,Paris
16,impasse,hautefeuille,Paris
11,rue,meilhac,Paris
100,avenue,parmentier,Paris
12,rue du,caire,Paris
204,rue,saint-denis,Paris
206,rue,saint-denis,Paris
8,rue,étienne-dolet,Paris
7,rue de,menilmontant,Paris
26,rue des,fossés-saint-bernard,Paris
15,rue de,miromesnil,Paris
24,boulevard de,clichy,Paris
1,rue de l',elysee-des-beaux-arts,Paris
130,rue de,rennes,Paris
1,rue,ernest-lacoste,Paris
103,boulevard,poniatowski,Paris
4,impasse de l',astrolabe,Paris
6,impasse de l',astrolabe,Paris
55,boulevard de,picpus,Paris
37,avenue de,saint-mandé,Paris
77,avenue,parmentier,Paris
9,rue de,passy,Paris
10,villa,santos-dumont,Paris
6,avenue des,chasseurs,Paris
30,rue des,jeuneurs,Paris
1,rue,saint-fiacre,Paris
45,avenue,marceau,Paris
47,avenue,marceau,Paris
85,rue,fondary,Paris
21,rue,jean-de-beauvais,Paris
54,rue,sauffroy,Paris
10,rue de,montsouris,Paris
149,boulebard de,charonne,Paris
130,avenue,philippe-auguste,Paris
86,rue des,rigoles,Paris
3,rue,burnouf,Paris
70,boulevard des,batignolles,Paris
70,place du,docteur-felix-lobligeois,Paris
65,rue,legendre,Paris
67,rue,legendre,Paris
81,rue des,orteaux,Paris
15,villa,said,Paris
3,passage,léon,Paris
36,rue,labat,Paris
7,passage,pouchet,Paris
9,rue,barthélemy,Paris
56,avenue,félix-faure,Paris
59,boulevard,garibaldi,Paris
163,avenue de,suffren,Paris
5,pl.,adolphe-chérioux,Paris
26,rue,gauthey,Paris
40,rue de l',ouest,Paris
29,rue de la,parcheminerie,Paris
26,rue de la,py,Paris
33,rue,ordener,Paris
35,rue,bonnet,Paris
18,rue,dupuis,Paris
26,rue,dupuis,Paris
47,boulevard,garibaldi,Paris
49,boulevard,garibaldi,Paris
7,rue,léon-vaudoyer,Paris
54,rue,dutot,Paris
4,rue des,écoles,Paris
100,rue,legendre,Paris
82,rue,nollet,Paris
35,rue de,poissy,Paris
148,boulevard de la,villette,Paris
28,rue du,soleil,Paris
6,rue,gaston-de-saint-paul,Paris
89,rue de la,victoire,Paris
13,rue,sainte-apolline,Paris
139,boulevard de,sebastopol,Paris
14,rue de,langeac,Paris
18,rue des,messageries,Paris
20,rue des,messageries,Paris
10,rue,caillié,Paris
4,rue,mansart,Paris
14,rue,vignon,Paris
33,rue,brunel,Paris
39,rue,réaumur,Paris
41,rue,dunois,Paris
43,rue,dunois,Paris
41,rue,falguiere,Paris
40,boulevard de,vaugirard,Paris
42,boulevard de,vaugirard,Paris
44,boulevard de,vaugirard,Paris
46,boulevard de,vaugirard,Paris
63,rue,vergniaud,Paris
136,avenue d',italie,Paris
99,boulevard,macdonald,Paris
101,boulevard,macdonald,Paris
3,rue des,abbesses,Paris
9,passage,thionville,Paris
28,rue,censier,Paris
43,rue de,bourgogne,Paris
45,rue de,bourgogne,Paris
176,rue de la,convention,Paris
4,rue,copernic,Paris
22,rue des,dames,Paris
1,rue,eugène-millon,Paris
8,rue de,flandre,Paris
10,rue de,flandre,Paris
9,rue du,général-aubé,Paris
21,rue,jean-giraudoux,Paris
1,rue,nollet,Paris
7,rue de,seine,Paris
9,rue de,seine,Paris
1,rue,soufflot,Paris
16,rue,soufflot,Paris
12,rue,toullier,Paris
25,villa,lefebvre,Paris
2,place,dancourt,Paris
185,avenue du,maine,Paris
18,rue de,pomereu,Paris
36,avenue de la,porte-didot,Paris
11,rue,bellini,Paris
22,rue du,ruisseau,Paris
18,rue,bréguet,Paris
20,rue,bréguet,Paris
41,rue,monsieur-le-prince,Paris
40,rue,alexandre-dumas,Paris
2,rue,letort,Paris
62,rue,lhomond,Paris
118,rue du,chateau,Paris
,,,Paris
21,rue du,parc-montsouris,Paris
7,rue du,mont-cenis,Paris
2,rue,saint-rustique,Paris
5,rue,remy-et-jean-de-gourmont,Paris
5,rue de,tlemcen,Paris
2,rue,édouard-jacques,Paris
25,rue,raymond-losserand,Paris
262,rue de,charenton,Paris
9,rue,jaucourt,Paris
50,rue,marius-aufan,Paris
161,rue de,javel,Paris
6,passage de,lourmel,Paris
11,rue de l',asile-popincourt,Paris
2,rue de l',abbé-grégoire,Paris
76,rue du,chateau,Paris
42,rue,vercingétorix,Paris
47,boulevard,poniatowski,Paris
22,rue des,rigoles,Paris
140,avenue de,villiers,Paris
1,rue,anatole-de-la-forge,Paris
8,rue,anatole-de-la-forge,Paris
1,boulebard de,charonne,Paris
76,boulebard de,charonne,Paris
78,boulebard de,charonne,Paris
23,rue,galvani,Paris
4,rue des,vignoles,Paris
6,rue des,vignoles,Paris
37,rue,bonnet,Paris
59,rue du faubourg,saint-denis,Paris
11,rue,bobillot,Paris
19,rue de,bellechasse,Paris
4,rue,saint-dominique,Paris
1,boulevard,saint-germain,Paris
225,boulevard,saint-germain,Paris
2,rue,charles-dickens,Paris
9,rue,yvart,Paris
7,impasse des,trois-soeurs,Paris
17,rue de la,comete,Paris
72,rue,falguiere,Paris
82,rue du faubourg,saint-martin,Paris
2,rue,commines,Paris
2,rue,commines,Paris
11,rue,simon-le-franc,Paris
90,rue de,turenne,Paris
26,rue de,gramont,Paris
4,rue,malher,Paris
15,rue d',armaille,Paris
8,rue des,colonels-renard,Paris
10,rue des,colonels-renard,Paris
160,rue de,courcelles,Paris
41,rue,quincampoix,Paris
10,rue du,regard,Paris
15,rue,fauvet,Paris
2,avenue,frémiet,Paris
24,quai de,passy,Paris
7,rue,chappe,Paris
14,rue des,trois-freres,Paris
16,rue de,buci,Paris
75,rue de,seine,Paris
14,rue,falguiere,Paris
147,rue de,vaugirard,Paris
3,rue du,commandant-marchand,Paris
5,rue du,commandant-marchand,Paris
8,rue,henner,Paris
45,rue de,lévis,Paris
2,avenue du,bel-air,Paris
31,rue de,constantinople,Paris
17,avenue de,saint-mandé,Paris
3,avenue du,trone,Paris
107,rue de l',ouest,Paris
6,rue,ernest-et-henri-rouselle,Paris
19,boulevard de,magenta,Paris
89,rue,pierre-demours,Paris
48,rue,letellier,Paris
50,rue,letellier,Paris
54,rue,letellier,Paris
77,rue des,prairies,Paris
68,rue,stendhal,Paris
70,rue,stendhal,Paris
43,rue de,montpensier,Paris
48,rue de,richelieu,Paris
43,rue de la,gaité,Paris
53,rue,notre-dame-des-champs,Paris
68,rue,saint-andré-des-arts,Paris
70,rue,saint-andré-des-arts,Paris
1,rue,saint-roch,Paris
14,rue,saint-roch,Paris
26,rue d',oran,Paris
32,rue du,cotentin,Paris
23,rue d',alésia,Paris
1,rue,barrault,Paris
31,rue,barrault,Paris
7,rue,lally-tollendal,Paris
1,rue,claude-tillier,Paris
4,rue,claude-tillier,Paris
18,rue,damesme,Paris
8,rue de,jarente,Paris
29,rue,jouye-rouve,Paris
37,boulevard,garibaldi,Paris
1,rue,gutenberg,Paris
15,rue,gutenberg,Paris
29,rue,pérignon,Paris
31,rue,pérignon,Paris
29,rue de la,procession,Paris
7,rue du,départ,Paris
9,rue de la,tombe-issoire,Paris
54,rue du,roi-de-sicile,Paris
56,rue du,roi-de-sicile,Paris
37,rue,albert,Paris
38,rue des,terres-au-cure,Paris
23,rue du,pré-saint-gervais,Paris
44,avenue de,breteuil,Paris
46,avenue de,breteuil,Paris
48,avenue de,breteuil,Paris
50,avenue de,breteuil,Paris
3,villa de,ségur,Paris
5,villa de,ségur,Paris
3,rue,ernest,Paris
75,rue,lamarck,Paris
75,rue,lamarck,Paris
217,rue de la,croix-nivert,Paris
39,passage,choiseul,Paris
41,passage,choiseul,Paris
36,rue,dalayrac,Paris
38,rue,dalayrac,Paris
41,rue,monge,Paris
37,rue des,cordelieres,Paris
42,rue,boulard,Paris
2,rue,charle-divry,Paris
1,avenue de,ségur,Paris
29,avenue de,ségur,Paris
46,rue,truffaut,Paris
35,rue,archereau,Paris
37,rue,archereau,Paris
43,rue,archereau,Paris
45,rue,archereau,Paris
48,pl.,aimé-maillart,Paris
4,rue,desbordes-valmore,Paris
19,rue,santos-dumont,Paris
95,rue de,tocqueville,Paris
20,rue de,beaujolais,Paris
15,rue des,petits-champs,Paris
21,rue,bezout,Paris
1,rue de la,cure,Paris
66,avenue,mozart,Paris
11,rue,princesse,Paris
2,rue de la,smala,Paris
21,rue de la,smala,Paris
1,avenue,émile-zola,Paris
3,avenue,émile-zola,Paris
28,rue,monsieur-le-prince,Paris
69,cite du,cardinal-lemoine,Paris
15,rue de,saussure,Paris
13,rue des,prairies,Paris
15,rue des,prairies,Paris
66,rue,mazarine,Paris
27,rue,turgot,Paris
21,rue de,berri,Paris
1,rue,clapeyron,Paris
4,rue,laferriere,Paris
24,rue de,moscou,Paris
26,rue de,moscou,Paris
93,rue,saint-honoré,Paris
36,rue des,poissonniers,Paris
17,rue de la,vistule,Paris
19,rue de la,vistule,Paris
19,rue,malar,Paris
10,rue,gauthey,Paris
3,rue,tholozé,Paris
32,rue,tiquetonne,Paris
1,rue d',écosse,Paris
3,rue de,lanneau,Paris
7,rue,beaugrenelle,Paris
12,rue des,mariniers,Paris
14,rue des,mariniers,Paris
25,rue d',alsace,Paris
0,rue,ambroise-thomas,Paris
148,rue du faubourg,saint-denis,Paris
182,rue du faubourg,saint-denis,Paris
103,rue de la,croix-nivert,Paris
105,rue de la,croix-nivert,Paris
7,passage,thiéré,Paris
9,passage,thiéré,Paris
11,passage,thiéré,Paris
29,passage,thiéré,Paris
31,passage,montgallet,Paris
26,rue des,bergers,Paris
47,rue de la,convention,Paris
95,rue,saint-charles,Paris
97,rue,saint-charles,Paris
77,rue de,gergovie,Paris
5,rue,lambert,Paris
108,avenue de la,république,Paris
25,rue,saulnier,Paris
3,rue,philippe-hecht,Paris
19,rue des,ardennes,Paris
24,rue des,ardennes,Paris
26,rue des,ardennes,Paris
28,rue des,ardennes,Paris
129,avenue des,champs-elysees,Paris
32,rue de,thionville,Paris
34,rue de,thionville,Paris
36,rue de,thionville,Paris
28,rue,vernet,Paris
11,rue,pauly,Paris
32,rue,dupleix,Paris
34,rue,dupleix,Paris
83,boulevard de,grenelle,Paris
2,passage,boiton,Paris
13,rue de la,butte-aux-cailles,Paris
21,rue d',arcole,Paris
11,rue,victor-cousin,Paris
13,rue,victor-cousin,Paris
15,avenue de,lamballe,Paris
2,impasse,nansouty,Paris
1,villa du,parc-montsouris,Paris
7,rue des,deux-avenues,Paris
6,rue,boussingault,Paris
45,rue des,grands-champs,Paris
35,rue de,la jonquiere,Paris
15,rue,léopold-bellan,Paris
16,rue du,gabon,Paris
109,avenue de,saint-mandé,Paris
14,cité,henry,Paris
19,impasse des,souhaits,Paris
150,rue,vandal,Paris
37,rue,jonquoy,Paris
80,rue du,moulin-vert,Paris
76,cours de,vincennes,Paris
24,rue de l',amiral-roussin,Paris
26,rue de l',amiral-roussin,Paris
2,impasse,brancion,Paris
4,impasse,brancion,Paris
110,rue,brancion,Paris
9,rue du,dragon,Paris
7,rue,neuve-du-théatre,Paris
18,impasse,roussin,Paris
44,rue des,cendriers,Paris
1,passage des,muriers,Paris
6,passage des,muriers,Paris
99,boulebard de,charonne,Paris
33,rue de la,gare-de-reuilly,Paris
36,rue,liancourt,Paris
45,rue,liancourt,Paris
10,rue,berger,Paris
26,rue,gassendi,Paris
1,rue,paul-strauss,Paris
16,rue,paul-strauss,Paris
31,rue,rousselet,Paris
137,rue,vercingétorix,Paris
11,rue,lesdiguieres,Paris
13,rue,lesdiguieres,Paris
11,rue,saint-antoine,Paris
11,rue,notre-dame-de-recouvrance,Paris
28,rue,poissonniere,Paris
121,boulevard,davout,Paris
123,boulevard,davout,Paris
139,boulevard,davout,Paris
3,rue,abel-hovelacque,Paris
1,rue,nicolas,Paris
2,rue,nicolas,Paris
3,rue,nicolas,Paris
4,rue,nicolas,Paris
18,rue,maison-dieu,Paris
49,rue de la,harpe,Paris
63,rue,pierre-demours,Paris
36,rue de la,pompe,Paris
1,rue,lacaze,Paris
3,rue,lacaze,Paris
46,rue d',auteuil,Paris
2,rue,donizetti,Paris
22,rue de,paradis,Paris
25,rue,hérold,Paris
7,impasse,routy-philippe,Paris
13,rue,émile-chaine,Paris
13,rue,nord,Paris
14,rue,nord,Paris
18,rue de la,pepiniere,Paris
22,rue de la,pepiniere,Paris
17,rue des,beaux-arts,Paris
13,rue,bonaparte,Paris
21,rue,campagne-premiere,Paris
1,passage d',enfer,Paris
149,rue de,rennes,Paris
22,rue de,bourgogne,Paris
24,rue de,bourgogne,Paris
74,rue de la,pompe,Paris
60,rue du,roi-de-sicile,Paris
79,avenue,parmentier,Paris
70,rue de,grenelle,Paris
70,rue de,belleville,Paris
70,boulevard de,grenelle,Paris
4,rue du,bac,Paris
1,villa d',alsace,Paris
7,rue de l',abbé-grégoire,Paris
39,rue,stendhal,Paris
6,villa,spontini,Paris
14,rue de la,folie-regnault,Paris
33,avenue du,général-michel-bizot,Paris
35,avenue du,général-michel-bizot,Paris
37,avenue du,général-michel-bizot,Paris
41,avenue du,général-michel-bizot,Paris
62,rue,ducouédic,Paris
15,rue,daniel-stern,Paris
4,rue des,rondeaux,Paris
25,rue,navarin,Paris
53,rue,belliard,Paris
34,rue,pajol,Paris
36,rue,pajol,Paris
6,rue de l',abbé-grégoire,Paris
16,rue,achille-martinet,Paris
18,rue,achille-martinet,Paris
4,rue,candolle,Paris
37,rue,daubenton,Paris
10,rue,jeanne-hachette,Paris
21,rue,tournefort,Paris
4,rue,georges-bizet,Paris
23,avenue,marceau,Paris
20,rue,oudinot,Paris
21,rue de la,mare,Paris
6,rue,paul-strauss,Paris
47,rue,lhomond,Paris
49,rue,lhomond,Paris
15,avenue,bugeaud,Paris
154,rue de la,pompe,Paris
82,avenue,félix-faure,Paris
84,avenue,félix-faure,Paris
163,rue de,lourmel,Paris
68,rue de l',aqueduc,Paris
30,boulevard de,picpus,Paris
32,boulevard de,picpus,Paris
7,rue du,pré-aux-clercs,Paris
1,rue du,sahel,Paris
3,rue du,sahel,Paris
5,rue du,sahel,Paris
7,rue du,sahel,Paris
3,rue,sibuet,Paris
81,rue d',alésia,Paris
77,rue,blanche,Paris
87,boulevard,diderot,Paris
11,rue,manuel,Paris
5,rue,desargues,Paris
9,rue,leroux,Paris
2,cité,leclaire,Paris
21,rue,riblette,Paris
18,rue,saint-joseph,Paris
117,avenue,jean-jaurés,Paris
24,rue,rennequin,Paris
57,boulevard,victor,Paris
85,rue,damrémont,Paris
86,rue,damrémont,Paris
108,rue,jean-pierre-timbaud,Paris
37,rue de,clichy,Paris
1,rue de,liége,Paris
2,impasse du,mont-tonnerre,Paris
27,rue,nicolo,Paris
1,rue de l',abbé-groult,Paris
17,rue,lacepede,Paris
20,rue,jean-pierre-timbaud,Paris
27,avenue de la,république,Paris
44,rue,saint-georges,Paris
9,rue des,muriers,Paris
11,rue des,muriers,Paris
33,rue de l',arbre-sec,Paris
35,rue de l',arbre-sec,Paris
37,rue de l',arbre-sec,Paris
1,rue,bailleul,Paris
11,rue,bailleul,Paris
8,rue de,gentilly,Paris
146,rue de,rivoli,Paris
148,rue de,rivoli,Paris
152,rue,ampere,Paris
2,rue,collette,Paris
87,avenue de,saint-ouen,Paris
28,rue,lhomond,Paris
30,rue,lhomond,Paris
2,rue,rataud,Paris
4,rue,rataud,Paris
20,rue du,bac,Paris
30,rue du,bac,Paris
126,avenue,alphonse-xiii,Paris
128,avenue,alphonse-xiii,Paris
17,rue,desaix,Paris
48,rue de la,fédération,Paris
21,rue de l',abbé-grégoire,Paris
240,boulevard,saint-germain,Paris
5,rue,lecourbe,Paris
4,rue,henri-monnier,Paris
34,rue,laferriere,Paris
10,rue de,charonne,Paris
61,rue,traversiere,Paris
88,rue,lamarck,Paris
10,rue,chabanais,Paris
14,villa,sainte-marie,Paris
18,rue,germain-pilon,Paris
75,rue des,moines,Paris
24,rue,sauffroy,Paris
89,rue,bobillot,Paris
6,rue,lacretelle,Paris
36,rue des,amandiers,Paris
18,rue des,quatre-vents,Paris
6,rue,coetlogon,Paris
0,passage,barrault,Paris
42,rue de l',agent-bailly,Paris
1,rue,pétrarque,Paris
,,,Paris
8,rue,bergere,Paris
22,rue du,pré-saint-gervais,Paris
4,rue du,marché-saint-honoré,Paris
8,rue,olivier-métra,Paris
8,rue,olivier-noyer,Paris
10,rue,olivier-noyer,Paris
257,rue de,belleville,Paris
67,rue des,fétes,Paris
50,rue,boissiere,Paris
31,rue,scheffer,Paris
13,rue des,fontaines-du-temple,Paris
15,rue des,fontaines-du-temple,Paris
116,rue de,clignancourt,Paris
50,rue,nord,Paris
3,rue de l',agent-bailly,Paris
5,rue de l',agent-bailly,Paris
5,rue de l',agent-bailly,Paris
17,rue,bouilloux-lafont,Paris
20,rue de,la vacquerie,Paris
93,rue,leblanc,Paris
95,rue,leblanc,Paris
166,rue de la,roquette,Paris
10,rue,troyon,Paris
62,rue,chapon,Paris
50,rue,la boetie,Paris
3,avenue,perrichont,Paris
14,avenue,perrichont,Paris
12,rue,saint-julien-le-pauvre,Paris
53,rue,boileau,Paris
12,passage de,clichy,Paris
27,passage de,clichy,Paris
21,rue de,romainville,Paris
1,avenue,élisée-reclus,Paris
28,rue des,apennins,Paris
38,rue de,clichy,Paris
57,rue des,mathurins,Paris
3,rue,frédéric-sauton,Paris
82,rue,championnet,Paris
38,rue,letort,Paris
40,rue,letort,Paris
67,rue de,cléry,Paris
12,rue,chaudron,Paris
243,rue du faubourg,saint-martin,Paris
33,rue,lucien-sampaix,Paris
42,rue des,vinaigriers,Paris
7,rue,papin,Paris
98,boulevard de,sebastopol,Paris
5,rue,desprez,Paris
7,rue,desprez,Paris
78,rue,legendre,Paris
100,boulevard,richard-lenoir,Paris
85,rue,saint-maur,Paris
7,rue,léontine,Paris
38,rue,sébastien-mercier,Paris
72,boulevard de,clichy,Paris
11,passage,ronce,Paris
53,rue du,docteur-blanche,Paris
2,cité,aubry,Paris
2,cité,aubry,Paris
15,rue de,bagnolet,Paris
9,rue,saint-blaise,Paris
431,rue,saint-blaise,Paris
2,rue,saint-blaise,Paris
122,rue,saint-blaise,Paris
1,rue des,trois-couronnes,Paris
176,avenue du,maine,Paris
2,rue des,plantes,Paris
4,rue des,plantes,Paris
110,boulevard de,belleville,Paris
49,rue de,meaux,Paris
51,rue de,meaux,Paris
53,rue de,meaux,Paris
15,rue du,moulin-de-la-vierge,Paris
129,rue de l',ouest,Paris
31,avenue,secrétan,Paris
44,rue,arthur-rozier,Paris
4,rue des,mignottes,Paris
143,avenue de la,porte-de-vincennes,Paris
7,square de l',aide-sociale,Paris
14,rue de,lille,Paris
66,rue d',amsterdam,Paris
68,rue d',amsterdam,Paris
70,rue d',amsterdam,Paris
72,rue d',amsterdam,Paris
72,rue d',amsterdam,Paris
27,rue de l',assomption,Paris
29,rue de l',assomption,Paris
2,rue,barrelet-du-ricou,Paris
10,rue,barrelet-du-ricou,Paris
25,rue des,bauches,Paris
35,boulevard,beauséjour,Paris
2,passage du,bureau,Paris
4,passage du,bureau,Paris
6,passage du,bureau,Paris
18,rue de la,butte-aux-cailles,Paris
20,rue de la,butte-aux-cailles,Paris
90,rue,cambronne,Paris
12,rue des,carrières-d'amérique,Paris
14,rue des,carrières-d'amérique,Paris
16,rue des,carrières-d'amérique,Paris
30,rue,castagnary,Paris
28,rue du,champ-de-mars,Paris
30,rue du,champ-de-mars,Paris
32,rue du,champ-de-mars,Paris
74,avenue des,champs-elysees,Paris
37,rue,charcot,Paris
4,rue,charles-dickens,Paris
166,rue de,charonne,Paris
168,rue de,charonne,Paris
49,rue de,clichy,Paris
68,boulevard de,courcelles,Paris
34,rue de,courcelles,Paris
36,rue de,courcelles,Paris
88,rue de la,croix-nivert,Paris
30,rue du,docteur-lancereaux,Paris
5,passage,doisy,Paris
66,rue,dutot,Paris
3,rue,edmond-roger,Paris
4,rue de l',abbaye,Paris
4,avenue,emile-acollas,Paris
6,avenue,emile-acollas,Paris
8,avenue,emile-acollas,Paris
10,avenue,emile-acollas,Paris
6,rue,émile-augier,Paris
65,rue des,entrepreneurs,Paris
20,boulevard,flandrin,Paris
5,avenue,franklin-d-roosevelt,Paris
10,passage des,acacias,Paris
2,passage des,acacias,Paris
216,passage des,acacias,Paris
4,passage des,acacias,Paris
199,passage des,acacias,Paris
25,rue,hermel,Paris
1,rue,jacques-offenbach,Paris
1,rue,jules-lefebvre,Paris
2,rue,jules-lefebvre,Paris
3,rue,jules-lefebvre,Paris
4,rue,jules-lefebvre,Paris
,,,Paris
87,avenue de,la bourdonnais,Paris
89,avenue de,la bourdonnais,Paris
91,avenue de,la bourdonnais,Paris
93,avenue de,la bourdonnais,Paris
80,rue de,longchamp,Paris
82,rue de,longchamp,Paris
130,quai,louis-blériot,Paris
136,quai,louis-blériot,Paris
1,rue,louis-murat,Paris
3,rue,louis-murat,Paris
111,boulevard,macdonald,Paris
113,boulevard,macdonald,Paris
5,rue,manin,Paris
21,rue,manin,Paris
104,rue,marcadet,Paris
106,rue,marcadet,Paris
15,rue,martel,Paris
23,avenue,montaigne,Paris
25,avenue,montaigne,Paris
26,avenue,montaigne,Paris
62,rue du,mont-cenis,Paris
7,cite,monthiers,Paris
122,rue,montmartre,Paris
39,boulevard de,montmorency,Paris
76,rue,montorgueil,Paris
8,rue de,montyon,Paris
8,rue,oswaldo-cruz,Paris
10,rue,oswaldo-cruz,Paris
57,rue de,ponthieu,Paris
61,cours,albert-1er,Paris
398,cours,albert-1er,Paris
3,cours,albert-1er,Paris
46,cours,albert-1er,Paris
48,cours,albert-1er,Paris
11,rue,raynouard,Paris
107,rue,réaumur,Paris
5,rue des,sablons,Paris
7,rue des,sablons,Paris
82,rue,saint-lazare,Paris
15,rue,samson,Paris
50,avenue,simon-bolivar,Paris
62,avenue,simon-bolivar,Paris
29,rue de la,solidarité,Paris
31,rue de la,solidarité,Paris
47,boulevard,suchet,Paris
65,avenue de,suffren,Paris
67,avenue de,suffren,Paris
69,avenue de,suffren,Paris
71,avenue de,suffren,Paris
135,avenue de,versailles,Paris
67,avenue,victor-hugo,Paris
69,avenue,victor-hugo,Paris
3,place,violet,Paris
5,place,violet,Paris
62,rue,violet,Paris
64,rue,violet,Paris
8,avenue,george-v,Paris
22,rue,stendhal,Paris
7,rue,lacroix,Paris
30,rue,chevert,Paris
5,rue,berzélius,Paris
19,rue de,moscou,Paris
21,rue de,naples,Paris
45,rue,saint-lambert,Paris
19,rue,lamartine,Paris
23,boulevard,berthier,Paris
15,rue,alphand,Paris
2,rue,abel-rabaud,Paris
198,rue de l',abbé-de-l'épée,Paris
17,rue de l',abbé-de-l'épée,Paris
17,rue de l',arsenal,Paris
7,rue de la,cerisaie,Paris
30,avenue,daumesnil,Paris
76,rue des,martyrs,Paris
55,rue des,vinaigriers,Paris
46,boulevard,voltaire,Paris
116,rue de,crimée,Paris
132,rue de,crimée,Paris
11,rue,duguay-trouin,Paris
13,rue,duguay-trouin,Paris
15,rue,duguay-trouin,Paris
13,rue de,lorraine,Paris
15,rue de,lorraine,Paris
33,rue de,lorraine,Paris
20,boulevard du,montparnasse,Paris
117,rue de l',ourcq,Paris
119,rue de l',ourcq,Paris
121,rue de l',ourcq,Paris
37,rue,petit,Paris
17,rue,gustave-courbet,Paris
61,rue,truffaut,Paris
57,rue de l',aqueduc,Paris
4,avenue,hoche,Paris
6,avenue,hoche,Paris
208,rue,raymond-losserand,Paris
10,rue,ferdinand-duval,Paris
41,rue du faubourg,saint-denis,Paris
14,passage de la,bonne-graine,Paris
14,passage de la,bonne-graine,Paris
4,rue,claude-chahu,Paris
140,rue du,théatre,Paris
63,rue,olivier-de-serres,Paris
69,rue,olivier-de-serres,Paris
2,rue,robert-lindet,Paris
4,rue,robert-lindet,Paris
6,rue,robert-lindet,Paris
8,rue,robert-lindet,Paris
10,rue,robert-lindet,Paris
16,rue,abel-hovelacque,Paris
16,rue de la,glacière,Paris
293,rue de,charenton,Paris
295,rue de,charenton,Paris
41,rue des,meuniers,Paris
17,rue,joubert,Paris
17,rue,mogador,Paris
51,rue,claude-decaen,Paris
16,rue de,stael,Paris
69,rue du,moulin-vert,Paris
4,place des,abbesses,Paris
16,rue de,rocroy,Paris
17,rue,boucry,Paris
9,rue,jean-cottin,Paris
46,boulevard,pasteur,Paris
4,rue,guersant,Paris
2,rue,pierre-demours,Paris
40,avenue d',iéna,Paris
6,rue d',aligre,Paris
,,,Paris
11,rue de,balzac,Paris
31,avenue de,friedland,Paris
106,avenue de,friedland,Paris
108,avenue de,friedland,Paris
46,avenue,raymond-poincaré,Paris
34,rue,étienne-dolet,Paris
6,rue,alasseur,Paris
12,rue,alasseur,Paris
16,rue,abel-hovelacque,Paris
6,avenue de,champaubert,Paris
8,avenue de,champaubert,Paris
10,avenue de,champaubert,Paris
76,rue,alexandre-dumas,Paris
105,rue de la,folie-mericourt,Paris
22,boulevard,jules-ferry,Paris
63,rue,brancion,Paris
139,boulevard de,grenelle,Paris
22,rue,baurepaire,Paris
30,boulevard,exelmans,Paris
140,rue,legendre,Paris
6,rue des,fonds-verts,Paris
8,rue des,fonds-verts,Paris
74,avenue de,suffren,Paris
137,avenue de,saint-ouen,Paris
22,rue du,temple,Paris
15,rue,lauriston,Paris
120,rue d',avron,Paris
53,rue du,volga,Paris
75,rue de,javel,Paris
11,rue,chernoviz,Paris
13,rue,chernoviz,Paris
5,rue des,eaux,Paris
1,avenue,frémiet,Paris
3,avenue,frémiet,Paris
28,quai de,passy,Paris
10,rue de la,ville-neuve,Paris
4,rue de,constantinople,Paris
6,rue de,constantinople,Paris
8,boulevard,barbes,Paris
3,rue de l',abbaye,Paris
12,avenue de l',opéra,Paris
61,rue de,rome,Paris
2,rue,sainte-anne,Paris
4,rue de,constantinople,Paris
6,rue de,constantinople,Paris
1,rue,davioud,Paris
1,rue de,naples,Paris
3,rue de,naples,Paris
13,rue,pajou,Paris
15,rue,pajou,Paris
61,rue de,rome,Paris
17,rue,chappe,Paris
25,boulevard,mortier,Paris
2,rue de,bellevue,Paris
3,impasse,compans,Paris
5,impasse,compans,Paris
7,impasse,compans,Paris
58,rue,compans,Paris
64,rue,compans,Paris
72,rue,compans,Paris
7,rue,alphand,Paris
28,rue des,fétes,Paris
3,rue de la,bidassoa,Paris
4,place,martin-nadaud,Paris
2,rue,orfila,Paris
2,rue,orfila,Paris
43,rue des,couronnes,Paris
1,passage,julien-lacroix,Paris
34,rue,julien-lacroix,Paris
145,avenue du,belvedere,Paris
147,avenue du,belvedere,Paris
3,rue des,cottages,Paris
78,rue,saint-louis-en-l'isle,Paris
16,place du,champ-de-mars,Paris
59,rue,letellier,Paris
21,rue,augereau,Paris
10,rue,primatice,Paris
4,rue,mayran,Paris
12,rue de,teheran,Paris
14,rue de,teheran,Paris
10,rue,treilhard,Paris
22,rue de,montpensier,Paris
19,rue des,pyramides,Paris
4,villa,ornano,Paris
77,rue,caulaincourt,Paris
77,rue,caulaincourt,Paris
59,avenue,simon-bolivar,Paris
4,rue,ligner,Paris
12,impasse des,panoyaux,Paris
8,rue des,panoyaux,Paris
10,rue des,panoyaux,Paris
3,rue,benjamin-godard,Paris
6,villa,bocquet,Paris
4,rue,colas,Paris
8,rue des,patriarches,Paris
57,rue de,domrémy,Paris
8,rue de,la sourdiere,Paris
11,rue de la,voute,Paris
15,rue,beaunier,Paris
28,rue,compans,Paris
2,rue,lacroix,Paris
16,villa de,bellevue,Paris
22,rue,saint-germain-l'auxerrois,Paris
39,rue du,docteur-roux,Paris
9,rue,joseph-bara,Paris
11,rue,olivier-de-serres,Paris
1,rue de,metz,Paris
19,boulevard de,strasbourg,Paris
9,avenue de la,soeur-rosalie,Paris
16,impasse,ronce,Paris
70,rue de la,mare,Paris
69,quai de la,tournelle,Paris
158,rue,la fayette,Paris
16,rue,lecourbe,Paris
164,rue du faubourg,saint-denis,Paris
249,rue de,crimée,Paris
251,rue de,crimée,Paris
253,rue de,crimée,Paris
255,rue de,crimée,Paris
257,rue de,crimée,Paris
24,rue,labois-rouillon,Paris
110,rue de l',ourcq,Paris
112,rue de l',ourcq,Paris
133,rue de l',ourcq,Paris
135,rue de l',ourcq,Paris
137,rue de l',ourcq,Paris
19,avenue,secrétan,Paris
116,rue,legendre,Paris
93,rue du,rocher,Paris
24,rue,saint-ferdinand,Paris
68,rue,boursault,Paris
10,rue,hermel,Paris
52,rue de,charenton,Paris
12,rue,claude-pouillet,Paris
14,rue,claude-pouillet,Paris
66,rue d',alleray,Paris
68,rue d',alleray,Paris
36,rue,beaunier,Paris
54,rue de,domrémy,Paris
1,rue,jeanne-d'arc,Paris
45,boulevard,lefebvre,Paris
90,rue,balard,Paris
279,rue de,belleville,Paris
285,rue de,belleville,Paris
40,rue,gérard,Paris
8,place d',italie,Paris
1,avenue de la,soeur-rosalie,Paris
163,rue de,flandre,Paris
20,rue des,lilas,Paris
4,avenue,théophile-gautier,Paris
76,rue,blomet,Paris
20,rue,henri-regnault,Paris
4,cité,jandelle,Paris
1,rue,abel-hovelacque,Paris
141,rue de,saussure,Paris
36,rue,galilee,Paris
45,avenue d',iéna,Paris
